{
    "error": false,
    "total": "3",
    "locations": [
        {
            "id": "2",
            "channel_id": "2",
            "name": "Horizon Connect Newark",
            "description_en": "Horizon BCBSNJ agents are available to answer consumers’ questions and assist them with purchasing coverage at a retail center established at the company’s Newark location, by appointment only.",
            "description_es": "",
            "email": "",
            "phone": "1-(888) 765-7656",
            "fax": "",
            "address1": "3 Penn Plaza East",
            "address2": "",
            "city": "Newark",
            "state": "NJ",
            "county": "Essex",
            "zipcode": "07105",
            "contact": "",
            "instance_code": "CTNK",
            "status": "1",
            "features": "",
            "is_community": "0",
            "is_online_appointment": "0",
            "is_spanish": "0",
            "is_appointment": "0",
            "wrk_time_morning_start": "09:00:00",
            "wrk_time_morning_end": "12:00:00",
            "wrk_time_noon_start": "12:00:00",
            "wrk_time_noon_end": "16:00:00",
            "wrk_time_evening_start": "18:00:00",
            "wrk_time_evening_end": "22:00:00",
            "is_all_weekdays": "1",
            "is_all_saturdays": "0",
            "is_all_sundays": "0",
            "wrk_time_monday_start": "09:00:00",
            "wrk_time_monday_end": "16:00:00",
            "wrk_time_tuesday_start": "09:00:00",
            "wrk_time_tuesday_end": "16:00:00",
            "wrk_time_wednesday_start": "09:00:00",
            "wrk_time_wednesday_end": "16:00:00",
            "wrk_time_thursday_start": "09:00:00",
            "wrk_time_thursday_end": "16:00:00",
            "wrk_time_friday_start": "09:00:00",
            "wrk_time_friday_end": "16:00:00",
            "wrk_time_saturday_start": "06:00:00",
            "wrk_time_saturday_end": "06:00:00",
            "wrk_time_sunday_start": "06:00:00",
            "wrk_time_sunday_end": "06:00:00",
            "is_all_mondays": "1",
            "is_all_tuesdays": "1",
            "is_all_wednesdays": "1",
            "is_all_thursdays": "1",
            "is_all_fridays": "1",
            "param_1": "",
            "Param_2": "",
            "created_by": "5",
            "created_date": "2018-06-07 20:10:59",
            "modified_by": "5",
            "modified_date": "2019-02-13 02:32:16",
            "latitude": "40.733858",
            "longitude": "-74.161119",
            "channel_name": "Service Centers",
            "distance": "4"
        },
        {
            "id": "17",
            "channel_id": "5",
            "name": "Little City Hall",
            "description_en": "Little City Hall in Newark.",
            "description_es": "",
            "email": "",
            "phone": "1-(973) 489-2767",
            "fax": "",
            "address1": "113 Monroe Street",
            "address2": "",
            "city": "Newark",
            "state": "NJ",
            "county": "Essex",
            "zipcode": "07105",
            "contact": "",
            "instance_code": "LCHN",
            "status": "1",
            "features": "",
            "is_community": "0",
            "is_online_appointment": "0",
            "is_spanish": "1",
            "is_appointment": "0",
            "wrk_time_morning_start": null,
            "wrk_time_morning_end": null,
            "wrk_time_noon_start": null,
            "wrk_time_noon_end": null,
            "wrk_time_evening_start": null,
            "wrk_time_evening_end": null,
            "is_all_weekdays": null,
            "is_all_saturdays": "0",
            "is_all_sundays": "0",
            "wrk_time_monday_start": "10:00:00",
            "wrk_time_monday_end": "15:00:00",
            "wrk_time_tuesday_start": "06:00:00",
            "wrk_time_tuesday_end": "06:00:00",
            "wrk_time_wednesday_start": "10:00:00",
            "wrk_time_wednesday_end": "17:00:00",
            "wrk_time_thursday_start": "06:00:00",
            "wrk_time_thursday_end": "06:00:00",
            "wrk_time_friday_start": "06:00:00",
            "wrk_time_friday_end": "06:00:00",
            "wrk_time_saturday_start": "06:00:00",
            "wrk_time_saturday_end": "06:00:00",
            "wrk_time_sunday_start": "06:00:00",
            "wrk_time_sunday_end": "06:00:00",
            "is_all_mondays": "1",
            "is_all_tuesdays": "0",
            "is_all_wednesdays": "0",
            "is_all_thursdays": "0",
            "is_all_fridays": "0",
            "param_1": "",
            "Param_2": "",
            "created_by": "28",
            "created_date": "2018-09-27 18:27:34",
            "modified_by": "5",
            "modified_date": "2019-02-04 03:05:36",
            "latitude": "40.7284643",
            "longitude": "-74.1600993",
            "channel_name": "Popup Sites",
            "distance": "4"
        },
        {
            "id": "23",
            "channel_id": "5",
            "name": "Walgreens KEARNY",
            "description_en": "Walgreens KEARNY",
            "description_es": "",
            "email": "",
            "phone": "1-(123) 456-7890",
            "fax": "",
            "address1": "465 Kearny Ave",
            "address2": "",
            "city": "Kearny",
            "state": "NJ",
            "county": "Essex",
            "zipcode": "07032",
            "contact": "",
            "instance_code": "WK",
            "status": "1",
            "features": "",
            "is_community": "0",
            "is_online_appointment": "0",
            "is_spanish": "0",
            "is_appointment": "0",
            "wrk_time_morning_start": null,
            "wrk_time_morning_end": null,
            "wrk_time_noon_start": null,
            "wrk_time_noon_end": null,
            "wrk_time_evening_start": null,
            "wrk_time_evening_end": null,
            "is_all_weekdays": null,
            "is_all_saturdays": "0",
            "is_all_sundays": "0",
            "wrk_time_monday_start": "06:00:00",
            "wrk_time_monday_end": "06:00:00",
            "wrk_time_tuesday_start": "06:00:00",
            "wrk_time_tuesday_end": "06:00:00",
            "wrk_time_wednesday_start": "06:00:00",
            "wrk_time_wednesday_end": "06:00:00",
            "wrk_time_thursday_start": "06:00:00",
            "wrk_time_thursday_end": "06:00:00",
            "wrk_time_friday_start": "06:00:00",
            "wrk_time_friday_end": "06:00:00",
            "wrk_time_saturday_start": "06:00:00",
            "wrk_time_saturday_end": "06:00:00",
            "wrk_time_sunday_start": "06:00:00",
            "wrk_time_sunday_end": "06:00:00",
            "is_all_mondays": "0",
            "is_all_tuesdays": "0",
            "is_all_wednesdays": "0",
            "is_all_thursdays": "0",
            "is_all_fridays": "0",
            "param_1": "",
            "Param_2": "",
            "created_by": "5",
            "created_date": "2018-11-26 06:23:01",
            "modified_by": "5",
            "modified_date": "2019-02-20 01:42:20",
            "latitude": "40.7668866",
            "longitude": "-74.147504",
            "channel_name": "Popup Sites",
            "distance": "8"
        },
        {
            "id": "91",
            "channel_id": "5",
            "name": "Walgreens KEARNY 1",
            "description_en": "Walgreens KEARNY",
            "description_es": "",
            "email": "",
            "phone": "1-(123) 456-7890",
            "fax": "",
            "address1": "465 Kearny Ave",
            "address2": "",
            "city": "Kearny",
            "state": "NJ",
            "county": "Essex",
            "zipcode": "07032",
            "contact": "",
            "instance_code": "WK",
            "status": "1",
            "features": "",
            "is_community": "0",
            "is_online_appointment": "0",
            "is_spanish": "0",
            "is_appointment": "0",
            "wrk_time_morning_start": null,
            "wrk_time_morning_end": null,
            "wrk_time_noon_start": null,
            "wrk_time_noon_end": null,
            "wrk_time_evening_start": null,
            "wrk_time_evening_end": null,
            "is_all_weekdays": null,
            "is_all_saturdays": "0",
            "is_all_sundays": "0",
            "wrk_time_monday_start": "06:00:00",
            "wrk_time_monday_end": "06:00:00",
            "wrk_time_tuesday_start": "06:00:00",
            "wrk_time_tuesday_end": "06:00:00",
            "wrk_time_wednesday_start": "06:00:00",
            "wrk_time_wednesday_end": "06:00:00",
            "wrk_time_thursday_start": "06:00:00",
            "wrk_time_thursday_end": "06:00:00",
            "wrk_time_friday_start": "06:00:00",
            "wrk_time_friday_end": "06:00:00",
            "wrk_time_saturday_start": "06:00:00",
            "wrk_time_saturday_end": "06:00:00",
            "wrk_time_sunday_start": "06:00:00",
            "wrk_time_sunday_end": "06:00:00",
            "is_all_mondays": "0",
            "is_all_tuesdays": "0",
            "is_all_wednesdays": "0",
            "is_all_thursdays": "0",
            "is_all_fridays": "0",
            "param_1": "",
            "Param_2": "",
            "created_by": "5",
            "created_date": "2018-11-26 06:23:01",
            "modified_by": "5",
            "modified_date": "2019-02-20 01:42:20",
            "latitude": "40.7668866",
            "longitude": "-74.147504",
            "channel_name": "Popup Sites",
            "distance": "8"
        },
        {
            "id": "92",
            "channel_id": "5",
            "name": "Walgreens KEARNY 2",
            "description_en": "Walgreens KEARNY",
            "description_es": "",
            "email": "",
            "phone": "1-(123) 456-7890",
            "fax": "",
            "address1": "465 Kearny Ave",
            "address2": "",
            "city": "Kearny",
            "state": "NJ",
            "county": "Essex",
            "zipcode": "07032",
            "contact": "",
            "instance_code": "WK",
            "status": "1",
            "features": "",
            "is_community": "0",
            "is_online_appointment": "0",
            "is_spanish": "0",
            "is_appointment": "0",
            "wrk_time_morning_start": null,
            "wrk_time_morning_end": null,
            "wrk_time_noon_start": null,
            "wrk_time_noon_end": null,
            "wrk_time_evening_start": null,
            "wrk_time_evening_end": null,
            "is_all_weekdays": null,
            "is_all_saturdays": "0",
            "is_all_sundays": "0",
            "wrk_time_monday_start": "06:00:00",
            "wrk_time_monday_end": "06:00:00",
            "wrk_time_tuesday_start": "06:00:00",
            "wrk_time_tuesday_end": "06:00:00",
            "wrk_time_wednesday_start": "06:00:00",
            "wrk_time_wednesday_end": "06:00:00",
            "wrk_time_thursday_start": "06:00:00",
            "wrk_time_thursday_end": "06:00:00",
            "wrk_time_friday_start": "06:00:00",
            "wrk_time_friday_end": "06:00:00",
            "wrk_time_saturday_start": "06:00:00",
            "wrk_time_saturday_end": "06:00:00",
            "wrk_time_sunday_start": "06:00:00",
            "wrk_time_sunday_end": "06:00:00",
            "is_all_mondays": "0",
            "is_all_tuesdays": "0",
            "is_all_wednesdays": "0",
            "is_all_thursdays": "0",
            "is_all_fridays": "0",
            "param_1": "",
            "Param_2": "",
            "created_by": "5",
            "created_date": "2018-11-26 06:23:01",
            "modified_by": "5",
            "modified_date": "2019-02-20 01:42:20",
            "latitude": "40.7668866",
            "longitude": "-74.147504",
            "channel_name": "Popup Sites",
            "distance": "8"
        },
        {
            "id": "93",
            "channel_id": "5",
            "name": "Walgreens KEARNY 3",
            "description_en": "Walgreens KEARNY",
            "description_es": "",
            "email": "",
            "phone": "1-(123) 456-7890",
            "fax": "",
            "address1": "465 Kearny Ave",
            "address2": "",
            "city": "Kearny",
            "state": "NJ",
            "county": "Essex",
            "zipcode": "07032",
            "contact": "",
            "instance_code": "WK",
            "status": "1",
            "features": "",
            "is_community": "0",
            "is_online_appointment": "0",
            "is_spanish": "0",
            "is_appointment": "0",
            "wrk_time_morning_start": null,
            "wrk_time_morning_end": null,
            "wrk_time_noon_start": null,
            "wrk_time_noon_end": null,
            "wrk_time_evening_start": null,
            "wrk_time_evening_end": null,
            "is_all_weekdays": null,
            "is_all_saturdays": "0",
            "is_all_sundays": "0",
            "wrk_time_monday_start": "06:00:00",
            "wrk_time_monday_end": "06:00:00",
            "wrk_time_tuesday_start": "06:00:00",
            "wrk_time_tuesday_end": "06:00:00",
            "wrk_time_wednesday_start": "06:00:00",
            "wrk_time_wednesday_end": "06:00:00",
            "wrk_time_thursday_start": "06:00:00",
            "wrk_time_thursday_end": "06:00:00",
            "wrk_time_friday_start": "06:00:00",
            "wrk_time_friday_end": "06:00:00",
            "wrk_time_saturday_start": "06:00:00",
            "wrk_time_saturday_end": "06:00:00",
            "wrk_time_sunday_start": "06:00:00",
            "wrk_time_sunday_end": "06:00:00",
            "is_all_mondays": "0",
            "is_all_tuesdays": "0",
            "is_all_wednesdays": "0",
            "is_all_thursdays": "0",
            "is_all_fridays": "0",
            "param_1": "",
            "Param_2": "",
            "created_by": "5",
            "created_date": "2018-11-26 06:23:01",
            "modified_by": "5",
            "modified_date": "2019-02-20 01:42:20",
            "latitude": "40.7668866",
            "longitude": "-74.147504",
            "channel_name": "Popup Sites",
            "distance": "8"
        },
        {
            "id": "94",
            "channel_id": "5",
            "name": "Walgreens KEARNY 6",
            "description_en": "Walgreens KEARNY",
            "description_es": "",
            "email": "",
            "phone": "1-(123) 456-7890",
            "fax": "",
            "address1": "465 Kearny Ave",
            "address2": "",
            "city": "Kearny",
            "state": "NJ",
            "county": "Essex",
            "zipcode": "07032",
            "contact": "",
            "instance_code": "WK",
            "status": "1",
            "features": "",
            "is_community": "0",
            "is_online_appointment": "0",
            "is_spanish": "0",
            "is_appointment": "0",
            "wrk_time_morning_start": null,
            "wrk_time_morning_end": null,
            "wrk_time_noon_start": null,
            "wrk_time_noon_end": null,
            "wrk_time_evening_start": null,
            "wrk_time_evening_end": null,
            "is_all_weekdays": null,
            "is_all_saturdays": "0",
            "is_all_sundays": "0",
            "wrk_time_monday_start": "06:00:00",
            "wrk_time_monday_end": "06:00:00",
            "wrk_time_tuesday_start": "06:00:00",
            "wrk_time_tuesday_end": "06:00:00",
            "wrk_time_wednesday_start": "06:00:00",
            "wrk_time_wednesday_end": "06:00:00",
            "wrk_time_thursday_start": "06:00:00",
            "wrk_time_thursday_end": "06:00:00",
            "wrk_time_friday_start": "06:00:00",
            "wrk_time_friday_end": "06:00:00",
            "wrk_time_saturday_start": "06:00:00",
            "wrk_time_saturday_end": "06:00:00",
            "wrk_time_sunday_start": "06:00:00",
            "wrk_time_sunday_end": "06:00:00",
            "is_all_mondays": "0",
            "is_all_tuesdays": "0",
            "is_all_wednesdays": "0",
            "is_all_thursdays": "0",
            "is_all_fridays": "0",
            "param_1": "",
            "Param_2": "",
            "created_by": "5",
            "created_date": "2018-11-26 06:23:01",
            "modified_by": "5",
            "modified_date": "2019-02-20 01:42:20",
            "latitude": "40.7668866",
            "longitude": "-74.147504",
            "channel_name": "Popup Sites",
            "distance": "8"
        },
        {
            "id": "96",
            "channel_id": "5",
            "name": "Walgreens KEARNY 6",
            "description_en": "Walgreens KEARNY",
            "description_es": "",
            "email": "",
            "phone": "1-(123) 456-7890",
            "fax": "",
            "address1": "465 Kearny Ave",
            "address2": "",
            "city": "Kearny",
            "state": "NJ",
            "county": "Essex",
            "zipcode": "07032",
            "contact": "",
            "instance_code": "WK",
            "status": "1",
            "features": "",
            "is_community": "0",
            "is_online_appointment": "0",
            "is_spanish": "0",
            "is_appointment": "0",
            "wrk_time_morning_start": null,
            "wrk_time_morning_end": null,
            "wrk_time_noon_start": null,
            "wrk_time_noon_end": null,
            "wrk_time_evening_start": null,
            "wrk_time_evening_end": null,
            "is_all_weekdays": null,
            "is_all_saturdays": "0",
            "is_all_sundays": "0",
            "wrk_time_monday_start": "06:00:00",
            "wrk_time_monday_end": "06:00:00",
            "wrk_time_tuesday_start": "06:00:00",
            "wrk_time_tuesday_end": "06:00:00",
            "wrk_time_wednesday_start": "06:00:00",
            "wrk_time_wednesday_end": "06:00:00",
            "wrk_time_thursday_start": "06:00:00",
            "wrk_time_thursday_end": "06:00:00",
            "wrk_time_friday_start": "06:00:00",
            "wrk_time_friday_end": "06:00:00",
            "wrk_time_saturday_start": "06:00:00",
            "wrk_time_saturday_end": "06:00:00",
            "wrk_time_sunday_start": "06:00:00",
            "wrk_time_sunday_end": "06:00:00",
            "is_all_mondays": "0",
            "is_all_tuesdays": "0",
            "is_all_wednesdays": "0",
            "is_all_thursdays": "0",
            "is_all_fridays": "0",
            "param_1": "",
            "Param_2": "",
            "created_by": "5",
            "created_date": "2018-11-26 06:23:01",
            "modified_by": "5",
            "modified_date": "2019-02-20 01:42:20",
            "latitude": "40.7668866",
            "longitude": "-74.147504",
            "channel_name": "Popup Sites",
            "distance": "8"
        }
    ],
    "request_param": {
        "_format": "json",
        "zipcode": "07105",
        "_timestamp": 1560347904,
        "current_user": "alexa"
    }
}